{
    "providers": [
      {"type": "bitmap", "file": "minecraft:item/guis/pixel.png","ascent": -2000,"height": -3,"chars": ["七"]},
      {"type": "bitmap", "file": "minecraft:item/guis/upper_section.png","ascent": 13,"height": 139,"chars": ["ㇺ"]},
      {"type": "bitmap", "file": "minecraft:item/emoji/smiles/smile.png", "ascent": 8, "height": 10, "chars": ["⿅"]},
      {"type": "bitmap", "file": "minecraft:item/emoji/smiles/frowning.png", "ascent": 8, "height": 10, "chars": ["⽷"]},
      {"type": "bitmap", "file": "minecraft:item/emoji/smiles/skull.png", "ascent": 8, "height": 10, "chars": ["诮"]},
      {"type": "bitmap", "file": "minecraft:item/emoji/smiles/clown_face.png", "ascent": 8, "height": 10, "chars": ["挷"]},
      {"type": "bitmap", "file": "minecraft:item/emoji/smiles/cold_face.png", "ascent": 8, "height": 10, "chars": ["瘛"]},
      {"type": "bitmap", "file": "minecraft:item/emoji/smiles/rage.png", "ascent": 8, "height": 10, "chars": ["曻"]},


      {"type": "bitmap", "file": "minecraft:item/emoji/hearts/red_heart.png", "ascent": 8, "height": 10, "chars": ["媀"]},
      {"type": "bitmap", "file": "minecraft:item/emoji/hearts/orange_heart.png", "ascent": 8, "height": 10, "chars": ["鬣"]},
      {"type": "bitmap", "file": "minecraft:item/emoji/hearts/yellow_heart.png", "ascent": 8, "height": 10, "chars": ["觮"]},
      {"type": "bitmap", "file": "minecraft:item/emoji/hearts/green_heart.png", "ascent": 8, "height": 10, "chars": ["継"]},
      {"type": "bitmap", "file": "minecraft:item/emoji/hearts/light_blue_heart.png", "ascent": 8, "height": 10, "chars": ["佃"]},
      {"type": "bitmap", "file": "minecraft:item/emoji/hearts/blue_heart.png", "ascent": 8, "height": 10, "chars": ["青"]},
      {"type": "bitmap", "file": "minecraft:item/emoji/hearts/purple_heart.png", "ascent": 8, "height": 10, "chars": ["橙"]},
      {"type": "bitmap", "file": "minecraft:item/emoji/hearts/pink_heart.png", "ascent": 8, "height": 10, "chars": ["紫"]},
      {"type": "bitmap", "file": "minecraft:item/emoji/hearts/purple_heart.png", "ascent": 8, "height": 10, "chars": ["梾"]},
      {"type": "bitmap", "file": "minecraft:item/emoji/hearts/white_heart.png", "ascent": 8, "height": 10, "chars": ["白"]},
      {"type": "bitmap", "file": "minecraft:item/emoji/hearts/black_heart.png", "ascent": 8, "height": 10, "chars": ["黒"]},


      {"type": "bitmap", "file": "minecraft:item/emoji/uaproject/bam.png", "ascent": 8, "height": 10, "chars": ["擥"]},
      {"type": "bitmap", "file": "minecraft:item/emoji/uaproject/catlaugh.png", "ascent": 8, "height": 10, "chars": ["饓"]},
      {"type": "bitmap", "file": "minecraft:item/emoji/uaproject/cat_afraid.png", "ascent": 8, "height": 10, "chars": ["稘"]},
      {"type": "bitmap", "file": "minecraft:item/emoji/uaproject/cat_angry.png", "ascent": 8, "height": 10, "chars": ["厾"]},
      {"type": "bitmap", "file": "minecraft:item/emoji/uaproject/cat_blink.png", "ascent": 8, "height": 10, "chars": ["娡"]},
      {"type": "bitmap", "file": "minecraft:item/emoji/uaproject/cat_bomb.png", "ascent": 8, "height": 10, "chars": ["隴"]},
      {"type": "bitmap", "file": "minecraft:item/emoji/uaproject/cat_caress.png", "ascent": 8, "height": 10, "chars": ["唂"]},
      {"type": "bitmap", "file": "minecraft:item/emoji/uaproject/cat_chair.png", "ascent": 8, "height": 10, "chars": ["鲲"]},
      {"type": "bitmap", "file": "minecraft:item/emoji/uaproject/cat_cry.png", "ascent": 8, "height": 10, "chars": ["鲊"]},
      {"type": "bitmap", "file": "minecraft:item/emoji/uaproject/cat_dancing.png", "ascent": 8, "height": 10, "chars": ["剹"]},
      {"type": "bitmap", "file": "minecraft:item/emoji/uaproject/cat_dancing2.png", "ascent": 8, "height": 10, "chars": ["跪"]},
      {"type": "bitmap", "file": "minecraft:item/emoji/uaproject/cat_dreaming.png", "ascent": 8, "height": 10, "chars": ["筀"]},
      {"type": "bitmap", "file": "minecraft:item/emoji/uaproject/cat_eat.png", "ascent": 8, "height": 10, "chars": ["酽"]},
      {"type": "bitmap", "file": "minecraft:item/emoji/uaproject/cat_fall.png", "ascent": 8, "height": 10, "chars": ["漳"]},
      {"type": "bitmap", "file": "minecraft:item/emoji/uaproject/cat_gaze.png", "ascent": 8, "height": 10, "chars": ["龠"]},
      {"type": "bitmap", "file": "minecraft:item/emoji/uaproject/cat_happy.png", "ascent": 8, "height": 10, "chars": ["檛"]},
      {"type": "bitmap", "file": "minecraft:item/emoji/uaproject/cat_hihihi.png", "ascent": 8, "height": 10, "chars": ["袶"]},
      {"type": "bitmap", "file": "minecraft:item/emoji/uaproject/cat_hxdfrench.png", "ascent": 8, "height": 10, "chars": ["讀"]},
      {"type": "bitmap", "file": "minecraft:item/emoji/uaproject/cat_intelegent.png", "ascent": 8, "height": 10, "chars": ["桫"]},
      {"type": "bitmap", "file": "minecraft:item/emoji/uaproject/cat_interest.png", "ascent": 8, "height": 10, "chars": ["烣"]},
      {"type": "bitmap", "file": "minecraft:item/emoji/uaproject/cat_kiss.png", "ascent": 8, "height": 10, "chars": ["嫒"]},
      {"type": "bitmap", "file": "minecraft:item/emoji/uaproject/cat_mad.png", "ascent": 8, "height": 10, "chars": ["顚"]},
      {"type": "bitmap", "file": "minecraft:item/emoji/uaproject/cat_nerd.png", "ascent": 8, "height": 10, "chars": ["躠"]},
      {"type": "bitmap", "file": "minecraft:item/emoji/uaproject/cat_omg.png", "ascent": 8, "height": 10, "chars": ["擭"]},
      {"type": "bitmap", "file": "minecraft:item/emoji/uaproject/cat_plache.png", "ascent": 8, "height": 10, "chars": ["覎"]},
      {"type": "bitmap", "file": "minecraft:item/emoji/uaproject/cat_plink.png", "ascent": 8, "height": 10, "chars": ["別"]},
      {"type": "bitmap", "file": "minecraft:item/emoji/uaproject/cat_police.png", "ascent": 8, "height": 10, "chars": ["冶"]},
      {"type": "bitmap", "file": "minecraft:item/emoji/uaproject/cat_raining.png", "ascent": 8, "height": 10, "chars": ["嫰"]},
      {"type": "bitmap", "file": "minecraft:item/emoji/uaproject/cat_roaring.png", "ascent": 8, "height": 10, "chars": ["蔜"]},
      {"type": "bitmap", "file": "minecraft:item/emoji/uaproject/cat_rose.png", "ascent": 8, "height": 10, "chars": ["敮"]},
      {"type": "bitmap", "file": "minecraft:item/emoji/uaproject/cat_rose2.png", "ascent": 8, "height": 10, "chars": ["勝"]},
      {"type": "bitmap", "file": "minecraft:item/emoji/uaproject/cat_sad.png", "ascent": 8, "height": 10, "chars": ["嫗"]},
      {"type": "bitmap", "file": "minecraft:item/emoji/uaproject/cat_scream.png", "ascent": 8, "height": 10, "chars": ["组"]},
      {"type": "bitmap", "file": "minecraft:item/emoji/uaproject/cat_sexy.png", "ascent": 8, "height": 10, "chars": ["杅"]},
      {"type": "bitmap", "file": "minecraft:item/emoji/uaproject/cat_shocked.png", "ascent": 8, "height": 10, "chars": ["椗"]},
      {"type": "bitmap", "file": "minecraft:item/emoji/uaproject/cat_silly.png", "ascent": 8, "height": 10, "chars": ["吇"]},
      {"type": "bitmap", "file": "minecraft:item/emoji/uaproject/cat_silly2.png", "ascent": 8, "height": 10, "chars": ["烛"]},
      {"type": "bitmap", "file": "minecraft:item/emoji/uaproject/cat_silly3.png", "ascent": 8, "height": 10, "chars": ["澪"]},
      {"type": "bitmap", "file": "minecraft:item/emoji/uaproject/cat_silly4.png", "ascent": 8, "height": 10, "chars": ["斦"]},
      {"type": "bitmap", "file": "minecraft:item/emoji/uaproject/cat_silly5.png", "ascent": 8, "height": 10, "chars": ["赒"]},
      {"type": "bitmap", "file": "minecraft:item/emoji/uaproject/cat_sniffing.png", "ascent": 8, "height": 10, "chars": ["脂"]},
      {"type": "bitmap", "file": "minecraft:item/emoji/uaproject/cat_staring.png", "ascent": 8, "height": 10, "chars": ["慊"]},
      {"type": "bitmap", "file": "minecraft:item/emoji/uaproject/cat_staring2.png", "ascent": 8, "height": 10, "chars": ["級"]},
      {"type": "bitmap", "file": "minecraft:item/emoji/uaproject/cat_sus.png", "ascent": 8, "height": 10, "chars": ["乣"]},
      {"type": "bitmap", "file": "minecraft:item/emoji/uaproject/cat_war.png", "ascent": 8, "height": 10, "chars": ["怜"]},
      {"type": "bitmap", "file": "minecraft:item/emoji/uaproject/cat_watching.png", "ascent": 8, "height": 10, "chars": ["曹"]},
      {"type": "bitmap", "file": "minecraft:item/emoji/uaproject/cat_wow.png", "ascent": 8, "height": 10, "chars": ["羴"]},
      {"type": "bitmap", "file": "minecraft:item/emoji/uaproject/cat_wtf.png", "ascent": 8, "height": 10, "chars": ["戫"]},
      {"type": "bitmap", "file": "minecraft:item/emoji/uaproject/cat_wth.png", "ascent": 8, "height": 10, "chars": ["澒"]},
      {"type": "bitmap", "file": "minecraft:item/emoji/uaproject/cat_xd.png", "ascent": 8, "height": 10, "chars": ["胷"]},
      {"type": "bitmap", "file": "minecraft:item/emoji/uaproject/cat_zhakh.png", "ascent": 8, "height": 10, "chars": ["仿"]},
      {"type": "bitmap", "file": "minecraft:item/emoji/uaproject/diamond_ore.png", "ascent": 8, "height": 10, "chars": ["殁"]},
      {"type": "bitmap", "file": "minecraft:item/emoji/uaproject/did_sad.png", "ascent": 8, "height": 10, "chars": ["湽"]},
      {"type": "bitmap", "file": "minecraft:item/emoji/uaproject/dog_afraid.png", "ascent": 8, "height": 10, "chars": ["変"]},
      {"type": "bitmap", "file": "minecraft:item/emoji/uaproject/dog_child.png", "ascent": 8, "height": 10, "chars": ["坹"]},
      {"type": "bitmap", "file": "minecraft:item/emoji/uaproject/dog_intelligent.png", "ascent": 8, "height": 10, "chars": ["怽"]},
      {"type": "bitmap", "file": "minecraft:item/emoji/uaproject/dog_nerd.png", "ascent": 8, "height": 10, "chars": ["火"]},
      {"type": "bitmap", "file": "minecraft:item/emoji/uaproject/dog_smile.png", "ascent": 8, "height": 10, "chars": ["狈"]},
      {"type": "bitmap", "file": "minecraft:item/emoji/uaproject/dog_watch.png", "ascent": 8, "height": 10, "chars": ["淿"]},
      {"type": "bitmap", "file": "minecraft:item/emoji/uaproject/dog_wow.png", "ascent": 8, "height": 10, "chars": ["茻"]},
      {"type": "bitmap", "file": "minecraft:item/emoji/uaproject/donkey_gaze.png", "ascent": 8, "height": 10, "chars": ["舍"]},
      {"type": "bitmap", "file": "minecraft:item/emoji/uaproject/duck.png", "ascent": 8, "height": 10, "chars": ["贵"]},
      {"type": "bitmap", "file": "minecraft:item/emoji/uaproject/frog_smile.png", "ascent": 8, "height": 10, "chars": ["稳"]},
      {"type": "bitmap", "file": "minecraft:item/emoji/uaproject/hahaha.png", "ascent": 8, "height": 10, "chars": ["鈁"]},
      {"type": "bitmap", "file": "minecraft:item/emoji/uaproject/hahellnuh.png", "ascent": 8, "height": 10, "chars": ["謄"]},
      {"type": "bitmap", "file": "minecraft:item/emoji/uaproject/hamster.png", "ascent": 8, "height": 10, "chars": ["谉"]},
      {"type": "bitmap", "file": "minecraft:item/emoji/uaproject/jacque_fresco.png", "ascent": 8, "height": 10, "chars": ["曺"]},
      {"type": "bitmap", "file": "minecraft:item/emoji/uaproject/jdun.png", "ascent": 8, "height": 10, "chars": ["醾"]},
      {"type": "bitmap", "file": "minecraft:item/emoji/uaproject/nahruk.png", "ascent": 8, "height": 10, "chars": ["郙"]},
      {"type": "bitmap", "file": "minecraft:item/emoji/uaproject/pepa.png", "ascent": 8, "height": 10, "chars": ["礕"]},
      {"type": "bitmap", "file": "minecraft:item/emoji/uaproject/pepelove.png", "ascent": 8, "height": 10, "chars": ["軔"]},
      {"type": "bitmap", "file": "minecraft:item/emoji/uaproject/pepe_boat.png", "ascent": 8, "height": 10, "chars": ["躉"]},
      {"type": "bitmap", "file": "minecraft:item/emoji/uaproject/pepe_booba.png", "ascent": 8, "height": 10, "chars": ["隨"]},
      {"type": "bitmap", "file": "minecraft:item/emoji/uaproject/pepe_hacker.png", "ascent": 8, "height": 10, "chars": ["潦"]},
      {"type": "bitmap", "file": "minecraft:item/emoji/uaproject/pepe_happy.png", "ascent": 8, "height": 10, "chars": ["趏"]},
      {"type": "bitmap", "file": "minecraft:item/emoji/uaproject/pepe_intelegent.png", "ascent": 8, "height": 10, "chars": ["訖"]},
      {"type": "bitmap", "file": "minecraft:item/emoji/uaproject/pepe_sad.png", "ascent": 8, "height": 10, "chars": ["痙"]},
      {"type": "bitmap", "file": "minecraft:item/emoji/uaproject/pepe_sik.png", "ascent": 8, "height": 10, "chars": ["综"]},
      {"type": "bitmap", "file": "minecraft:item/emoji/uaproject/pepe_sleep.png", "ascent": 8, "height": 10, "chars": ["縪"]},
      {"type": "bitmap", "file": "minecraft:item/emoji/uaproject/pepe_think.png", "ascent": 8, "height": 10, "chars": ["蔽"]},
      {"type": "bitmap", "file": "minecraft:item/emoji/uaproject/pepe_wow.png", "ascent": 8, "height": 10, "chars": ["徺"]},
      {"type": "bitmap", "file": "minecraft:item/emoji/uaproject/smile.png", "ascent": 8, "height": 10, "chars": ["謵"]},
      {"type": "bitmap", "file": "minecraft:item/emoji/uaproject/smile_nooo.png", "ascent": 8, "height": 10, "chars": ["胅"]},
      {"type": "bitmap", "file": "minecraft:item/emoji/uaproject/smile_pain.png", "ascent": 8, "height": 10, "chars": ["墑"]},
      {"type": "bitmap", "file": "minecraft:item/emoji/uaproject/smile_sad.png", "ascent": 8, "height": 10, "chars": ["黐"]},
      {"type": "bitmap", "file": "minecraft:item/emoji/uaproject/smile_sussy.png", "ascent": 8, "height": 10, "chars": ["駾"]},
      {"type": "bitmap", "file": "minecraft:item/emoji/uaproject/smile_typing.png", "ascent": 8, "height": 10, "chars": ["脖"]},
      {"type": "bitmap", "file": "minecraft:item/emoji/uaproject/smile_xaxaxa.png", "ascent": 8, "height": 10, "chars": ["皈"]},
      {"type": "bitmap", "file": "minecraft:item/emoji/uaproject/sponge_dance.png", "ascent": 8, "height": 10, "chars": ["訢"]},
      {"type": "bitmap", "file": "minecraft:item/emoji/uaproject/stark_scream.png", "ascent": 8, "height": 10, "chars": ["挓"]},
      {"type": "bitmap", "file": "minecraft:item/emoji/uaproject/sus.png", "ascent": 8, "height": 10, "chars": ["憚"]},
      {"type": "bitmap", "file": "minecraft:item/emoji/uaproject/uap.png", "ascent": 8, "height": 10, "chars": ["铄"]},
      {"type": "bitmap", "file": "minecraft:item/emoji/uaproject/wait_smile.png", "ascent": 8, "height": 10, "chars": ["媞"]},
      


      {"type": "bitmap", "file": "minecraft:item/emoji/uaproject_archive/1cat_cry.png", "ascent": 8, "height": 10, "chars": ["稗"]},
      {"type": "bitmap", "file": "minecraft:item/emoji/uaproject_archive/1cat_dancing.png", "ascent": 8, "height": 10, "chars": ["暝"]},
      {"type": "bitmap", "file": "minecraft:item/emoji/uaproject_archive/1cat_dancing2.png", "ascent": 8, "height": 10, "chars": ["實"]},
      {"type": "bitmap", "file": "minecraft:item/emoji/uaproject_archive/1cat_police.png", "ascent": 8, "height": 10, "chars": ["嫔"]},
      {"type": "bitmap", "file": "minecraft:item/emoji/uaproject_archive/1cat_real.png", "ascent": 8, "height": 10, "chars": ["謪"]},
      {"type": "bitmap", "file": "minecraft:item/emoji/uaproject_archive/2cat_wow.png", "ascent": 8, "height": 10, "chars": ["靛"]},
      {"type": "bitmap", "file": "minecraft:item/emoji/uaproject_archive/2jacque_fresco.png", "ascent": 8, "height": 10, "chars": ["玄"]},
      {"type": "bitmap", "file": "minecraft:item/emoji/uaproject_archive/2pepe_boat.png", "ascent": 8, "height": 10, "chars": ["玶"]},
      {"type": "bitmap", "file": "minecraft:item/emoji/uaproject_archive/2pepe_booba.png", "ascent": 8, "height": 10, "chars": ["襳"]},
      {"type": "bitmap", "file": "minecraft:item/emoji/uaproject_archive/2pepe_hacker.png", "ascent": 8, "height": 10, "chars": ["畳"]},
      {"type": "bitmap", "file": "minecraft:item/emoji/uaproject_archive/2pepe_happy.png", "ascent": 8, "height": 10, "chars": ["虑"]},
      {"type": "bitmap", "file": "minecraft:item/emoji/uaproject_archive/2pepe_intelegent.png", "ascent": 8, "height": 10, "chars": ["芬"]},
      {"type": "bitmap", "file": "minecraft:item/emoji/uaproject_archive/2pepe_sad.png", "ascent": 8, "height": 10, "chars": ["襦"]},
      {"type": "bitmap", "file": "minecraft:item/emoji/uaproject_archive/2pepe_sleep.png", "ascent": 8, "height": 10, "chars": ["騡"]},
      {"type": "bitmap", "file": "minecraft:item/emoji/uaproject_archive/2pepe_think.png", "ascent": 8, "height": 10, "chars": ["呧"]},
      {"type": "bitmap", "file": "minecraft:item/emoji/uaproject_archive/2pepe_wow.png", "ascent": 8, "height": 10, "chars": ["迬"]},
      {"type": "bitmap", "file": "minecraft:item/emoji/uaproject_archive/2pishe.png", "ascent": 8, "height": 10, "chars": ["糴"]},
      {"type": "bitmap", "file": "minecraft:item/emoji/uaproject_archive/2smile.png", "ascent": 8, "height": 10, "chars": ["壿"]},
      {"type": "bitmap", "file": "minecraft:item/emoji/uaproject_archive/3duck.png", "ascent": 8, "height": 10, "chars": ["垗"]},
      {"type": "bitmap", "file": "minecraft:item/emoji/uaproject_archive/anton.png", "ascent": 8, "height": 10, "chars": ["旀"]},
      {"type": "bitmap", "file": "minecraft:item/emoji/uaproject_archive/bobik.png", "ascent": 8, "height": 10, "chars": ["袬"]},
      {"type": "bitmap", "file": "minecraft:item/emoji/uaproject_archive/bullet1.png", "ascent": 8, "height": 10, "chars": ["媼"]},
      {"type": "bitmap", "file": "minecraft:item/emoji/uaproject_archive/bullet2.png", "ascent": 8, "height": 10, "chars": ["醓"]},
      {"type": "bitmap", "file": "minecraft:item/emoji/uaproject_archive/bullet3.png", "ascent": 8, "height": 10, "chars": ["嬫"]},
      {"type": "bitmap", "file": "minecraft:item/emoji/uaproject_archive/bum.png", "ascent": 8, "height": 10, "chars": ["灪"]},
      {"type": "bitmap", "file": "minecraft:item/emoji/uaproject_archive/cat_.png", "ascent": 8, "height": 10, "chars": ["蝻"]},
      {"type": "bitmap", "file": "minecraft:item/emoji/uaproject_archive/cat_angry.png", "ascent": 8, "height": 10, "chars": ["嶲"]},
      {"type": "bitmap", "file": "minecraft:item/emoji/uaproject_archive/cat_eat.png", "ascent": 8, "height": 10, "chars": ["瘀"]},
      {"type": "bitmap", "file": "minecraft:item/emoji/uaproject_archive/cat_fresh.png", "ascent": 8, "height": 10, "chars": ["隘"]},
      {"type": "bitmap", "file": "minecraft:item/emoji/uaproject_archive/cat_haha.png", "ascent": 8, "height": 10, "chars": ["雵"]},
      {"type": "bitmap", "file": "minecraft:item/emoji/uaproject_archive/cat_happy.png", "ascent": 8, "height": 10, "chars": ["蠤"]},
      {"type": "bitmap", "file": "minecraft:item/emoji/uaproject_archive/cat_intelegent.png", "ascent": 8, "height": 10, "chars": ["滁"]},
      {"type": "bitmap", "file": "minecraft:item/emoji/uaproject_archive/cat_mad.png", "ascent": 8, "height": 10, "chars": ["翊"]},
      {"type": "bitmap", "file": "minecraft:item/emoji/uaproject_archive/cat_plache.png", "ascent": 8, "height": 10, "chars": ["垏"]},
      {"type": "bitmap", "file": "minecraft:item/emoji/uaproject_archive/cat_plink.png", "ascent": 8, "height": 10, "chars": ["鋤"]},
      {"type": "bitmap", "file": "minecraft:item/emoji/uaproject_archive/cat_sad.png", "ascent": 8, "height": 10, "chars": ["砬"]},
      {"type": "bitmap", "file": "minecraft:item/emoji/uaproject_archive/cat_scream.png", "ascent": 8, "height": 10, "chars": ["位"]},
      {"type": "bitmap", "file": "minecraft:item/emoji/uaproject_archive/cat_silly.png", "ascent": 8, "height": 10, "chars": ["賞"]},
      {"type": "bitmap", "file": "minecraft:item/emoji/uaproject_archive/cat_wow.png", "ascent": 8, "height": 10, "chars": ["柛"]},
      {"type": "bitmap", "file": "minecraft:item/emoji/uaproject_archive/cat_wtf.png", "ascent": 8, "height": 10, "chars": ["眼"]},
      {"type": "bitmap", "file": "minecraft:item/emoji/uaproject_archive/cat_zhakh.png", "ascent": 8, "height": 10, "chars": ["鿲"]},
      {"type": "bitmap", "file": "minecraft:item/emoji/uaproject_archive/cat_zliy.png", "ascent": 8, "height": 10, "chars": ["睕"]},
      {"type": "bitmap", "file": "minecraft:item/emoji/uaproject_archive/dog_nerd.png", "ascent": 8, "height": 10, "chars": ["笀"]},
      {"type": "bitmap", "file": "minecraft:item/emoji/uaproject_archive/dog_smile.png", "ascent": 8, "height": 10, "chars": ["軤"]},
      {"type": "bitmap", "file": "minecraft:item/emoji/uaproject_archive/elytra.png", "ascent": 8, "height": 10, "chars": ["匴"]},
      {"type": "bitmap", "file": "minecraft:item/emoji/uaproject_archive/fedia.png", "ascent": 8, "height": 10, "chars": ["武"]},
      {"type": "bitmap", "file": "minecraft:item/emoji/uaproject_archive/fyuz_pofiksy.png", "ascent": 8, "height": 10, "chars": ["芻"]},
      {"type": "bitmap", "file": "minecraft:item/emoji/uaproject_archive/gosling.png", "ascent": 8, "height": 10, "chars": ["赌"]},
      {"type": "bitmap", "file": "minecraft:item/emoji/uaproject_archive/guy_in_shower.png", "ascent": 8, "height": 10, "chars": ["檠"]},
      {"type": "bitmap", "file": "minecraft:item/emoji/uaproject_archive/hahaha.png", "ascent": 8, "height": 10, "chars": ["蕀"]},
      {"type": "bitmap", "file": "minecraft:item/emoji/uaproject_archive/hordon.png", "ascent": 8, "height": 10, "chars": ["儒"]},
      {"type": "bitmap", "file": "minecraft:item/emoji/uaproject_archive/kvadratovych.png", "ascent": 8, "height": 10, "chars": ["辊"]},
      {"type": "bitmap", "file": "minecraft:item/emoji/uaproject_archive/love.png", "ascent": 8, "height": 10, "chars": ["刂"]},
      {"type": "bitmap", "file": "minecraft:item/emoji/uaproject_archive/music_disc.png", "ascent": 8, "height": 10, "chars": ["碭"]},
      {"type": "bitmap", "file": "minecraft:item/emoji/uaproject_archive/m_allayeatcookie.png", "ascent": 8, "height": 10, "chars": ["矈"]},
      {"type": "bitmap", "file": "minecraft:item/emoji/uaproject_archive/m_barrier.png", "ascent": 8, "height": 10, "chars": ["駞"]},
      {"type": "bitmap", "file": "minecraft:item/emoji/uaproject_archive/nahruk.png", "ascent": 8, "height": 10, "chars": ["蒉"]},
      {"type": "bitmap", "file": "minecraft:item/emoji/uaproject_archive/nerd.png", "ascent": 8, "height": 10, "chars": ["嬌"]},
      {"type": "bitmap", "file": "minecraft:item/emoji/uaproject_archive/pepe_.png", "ascent": 8, "height": 10, "chars": ["慺"]},
      {"type": "bitmap", "file": "minecraft:item/emoji/uaproject_archive/pepe_ban.png", "ascent": 8, "height": 10, "chars": ["鄀"]},
      {"type": "bitmap", "file": "minecraft:item/emoji/uaproject_archive/pepe_batman.png", "ascent": 8, "height": 10, "chars": ["徱"]},
      {"type": "bitmap", "file": "minecraft:item/emoji/uaproject_archive/pepe_clown.png", "ascent": 8, "height": 10, "chars": ["鞒"]},
      {"type": "bitmap", "file": "minecraft:item/emoji/uaproject_archive/pepe_cross.png", "ascent": 8, "height": 10, "chars": ["乛"]},
      {"type": "bitmap", "file": "minecraft:item/emoji/uaproject_archive/pepe_happy.png", "ascent": 8, "height": 10, "chars": ["乨"]},
      {"type": "bitmap", "file": "minecraft:item/emoji/uaproject_archive/pepe_heart.png", "ascent": 8, "height": 10, "chars": ["彡"]},
      {"type": "bitmap", "file": "minecraft:item/emoji/uaproject_archive/pepe_like.png", "ascent": 8, "height": 10, "chars": ["錙"]},
      {"type": "bitmap", "file": "minecraft:item/emoji/uaproject_archive/pepe_love.png", "ascent": 8, "height": 10, "chars": ["鸀"]},
      {"type": "bitmap", "file": "minecraft:item/emoji/uaproject_archive/pepe_perfect.png", "ascent": 8, "height": 10, "chars": ["怢"]},
      {"type": "bitmap", "file": "minecraft:item/emoji/uaproject_archive/pepe_pishe.png", "ascent": 8, "height": 10, "chars": ["穯"]},
      {"type": "bitmap", "file": "minecraft:item/emoji/uaproject_archive/pepe_pls.png", "ascent": 8, "height": 10, "chars": ["蛼"]},
      {"type": "bitmap", "file": "minecraft:item/emoji/uaproject_archive/pepe_relax.png", "ascent": 8, "height": 10, "chars": ["拾"]},
      {"type": "bitmap", "file": "minecraft:item/emoji/uaproject_archive/pepe_shhh.png", "ascent": 8, "height": 10, "chars": ["琛"]},
      {"type": "bitmap", "file": "minecraft:item/emoji/uaproject_archive/pepe_suit.png", "ascent": 8, "height": 10, "chars": ["嗢"]},
      {"type": "bitmap", "file": "minecraft:item/emoji/uaproject_archive/pepe_suprised.png", "ascent": 8, "height": 10, "chars": ["弴"]},
      {"type": "bitmap", "file": "minecraft:item/emoji/uaproject_archive/pepe_tea.png", "ascent": 8, "height": 10, "chars": ["糈"]},
      {"type": "bitmap", "file": "minecraft:item/emoji/uaproject_archive/pepe_wow.png", "ascent": 8, "height": 10, "chars": ["膱"]},
      {"type": "bitmap", "file": "minecraft:item/emoji/uaproject_archive/pinhvin_wow.png", "ascent": 8, "height": 10, "chars": ["敭"]},
      {"type": "bitmap", "file": "minecraft:item/emoji/uaproject_archive/piramidych.png", "ascent": 8, "height": 10, "chars": ["肜"]},
      {"type": "bitmap", "file": "minecraft:item/emoji/uaproject_archive/rozmova_stina.png", "ascent": 8, "height": 10, "chars": ["牑"]},
      {"type": "bitmap", "file": "minecraft:item/emoji/uaproject_archive/shiiiiish.png", "ascent": 8, "height": 10, "chars": ["珂"]},
      {"type": "bitmap", "file": "minecraft:item/emoji/uaproject_archive/smile.png", "ascent": 8, "height": 10, "chars": ["躂"]},
      {"type": "bitmap", "file": "minecraft:item/emoji/uaproject_archive/smile_angry.png", "ascent": 8, "height": 10, "chars": ["倌"]},
      {"type": "bitmap", "file": "minecraft:item/emoji/uaproject_archive/smile_cool.png", "ascent": 8, "height": 10, "chars": ["禰"]},
      {"type": "bitmap", "file": "minecraft:item/emoji/uaproject_archive/smile_dumb.png", "ascent": 8, "height": 10, "chars": ["蓵"]},
      {"type": "bitmap", "file": "minecraft:item/emoji/uaproject_archive/smile_fall.png", "ascent": 8, "height": 10, "chars": ["垨"]},
      {"type": "bitmap", "file": "minecraft:item/emoji/uaproject_archive/smile_neznau.png", "ascent": 8, "height": 10, "chars": ["臻"]},
      {"type": "bitmap", "file": "minecraft:item/emoji/uaproject_archive/smile_opa.png", "ascent": 8, "height": 10, "chars": ["飯"]},
      {"type": "bitmap", "file": "minecraft:item/emoji/uaproject_archive/smile_pain.png", "ascent": 8, "height": 10, "chars": ["瓘"]},
      {"type": "bitmap", "file": "minecraft:item/emoji/uaproject_archive/smile_sad.png", "ascent": 8, "height": 10, "chars": ["鸅"]},
      {"type": "bitmap", "file": "minecraft:item/emoji/uaproject_archive/smile_thinking.png", "ascent": 8, "height": 10, "chars": ["湒"]},
      {"type": "bitmap", "file": "minecraft:item/emoji/uaproject_archive/smile_whynot.png", "ascent": 8, "height": 10, "chars": ["疋"]},
      {"type": "bitmap", "file": "minecraft:item/emoji/uaproject_archive/smile_wow.png", "ascent": 8, "height": 10, "chars": ["霁"]},
      {"type": "bitmap", "file": "minecraft:item/emoji/uaproject_archive/smile_wtf.png", "ascent": 8, "height": 10, "chars": ["鱂"]},
      {"type": "bitmap", "file": "minecraft:item/emoji/uaproject_archive/smile_xaxaxa.png", "ascent": 8, "height": 10, "chars": ["覴"]},
      {"type": "bitmap", "file": "minecraft:item/emoji/uaproject_archive/trolled.png", "ascent": 8, "height": 10, "chars": ["璨"]},
      {"type": "bitmap", "file": "minecraft:item/emoji/uaproject_archive/wazowski.png", "ascent": 8, "height": 10, "chars": ["譁"]},
      {"type": "bitmap", "file": "minecraft:item/emoji/uaproject_archive/wtf.png", "ascent": 8, "height": 10, "chars": ["扛"]}

    ]
  }