{
  "parent": "minecraft:item/generated",
  "textures": {
    "layer0": "minecraft:item/enchanted_book"
  },
  "overrides": [
    {"predicate": {"custom_model_data": 1}, "model":"minecraft:item/emoji/smiles/smile"},
    {"predicate": {"custom_model_data": 2}, "model":"minecraft:item/emoji/smiles/frowning"},
    {"predicate": {"custom_model_data": 3}, "model":"minecraft:item/emoji/smiles/skull"},
    {"predicate": {"custom_model_data": 4}, "model":"minecraft:item/emoji/smiles/clown_face"},
    {"predicate": {"custom_model_data": 5}, "model":"minecraft:item/emoji/smiles/cold_face"},
    {"predicate": {"custom_model_data": 6}, "model":"minecraft:item/emoji/smiles/rage"},
    {"predicate": {"custom_model_data": 101}, "model":"minecraft:item/emoji/hearts/red_heart"},
    {"predicate": {"custom_model_data": 102}, "model":"minecraft:item/emoji/hearts/orange_heart"},
    {"predicate": {"custom_model_data": 103}, "model":"minecraft:item/emoji/hearts/yellow_heart"},
    {"predicate": {"custom_model_data": 104}, "model":"minecraft:item/emoji/hearts/green_heart"},
    {"predicate": {"custom_model_data": 105}, "model":"minecraft:item/emoji/hearts/light_blue_heart"},
    {"predicate": {"custom_model_data": 106}, "model":"minecraft:item/emoji/hearts/blue_heart"},
    {"predicate": {"custom_model_data": 107}, "model":"minecraft:item/emoji/hearts/purple_heart"},
    {"predicate": {"custom_model_data": 108}, "model":"minecraft:item/emoji/hearts/pink_heart"},
    {"predicate": {"custom_model_data": 109}, "model":"minecraft:item/emoji/hearts/heartpulse"},
    {"predicate": {"custom_model_data": 110}, "model":"minecraft:item/emoji/hearts/white_heart"},
    {"predicate": {"custom_model_data": 111}, "model":"minecraft:item/emoji/hearts/black_heart"},
    {"predicate": {"custom_model_data": 201}, "model":"minecraft:item/emoji/uaproject/bam"},
    {"predicate": {"custom_model_data": 202}, "model":"minecraft:item/emoji/uaproject/catlaugh"},
    {"predicate": {"custom_model_data": 203}, "model":"minecraft:item/emoji/uaproject/cat_afraid"},
    {"predicate": {"custom_model_data": 204}, "model":"minecraft:item/emoji/uaproject/cat_angry"},
    {"predicate": {"custom_model_data": 205}, "model":"minecraft:item/emoji/uaproject/cat_blink"},
    {"predicate": {"custom_model_data": 206}, "model":"minecraft:item/emoji/uaproject/cat_bomb"},
    {"predicate": {"custom_model_data": 207}, "model":"minecraft:item/emoji/uaproject/cat_caress"},
    {"predicate": {"custom_model_data": 208}, "model":"minecraft:item/emoji/uaproject/cat_chair"},
    {"predicate": {"custom_model_data": 209}, "model":"minecraft:item/emoji/uaproject/cat_cry"},
    {"predicate": {"custom_model_data": 210}, "model":"minecraft:item/emoji/uaproject/cat_dancing"},
    {"predicate": {"custom_model_data": 211}, "model":"minecraft:item/emoji/uaproject/cat_dancing2"},
    {"predicate": {"custom_model_data": 212}, "model":"minecraft:item/emoji/uaproject/cat_dreaming"},
    {"predicate": {"custom_model_data": 213}, "model":"minecraft:item/emoji/uaproject/cat_eat"},
    {"predicate": {"custom_model_data": 214}, "model":"minecraft:item/emoji/uaproject/cat_fall"},
    {"predicate": {"custom_model_data": 215}, "model":"minecraft:item/emoji/uaproject/cat_gaze"},
    {"predicate": {"custom_model_data": 216}, "model":"minecraft:item/emoji/uaproject/cat_happy"},
    {"predicate": {"custom_model_data": 217}, "model":"minecraft:item/emoji/uaproject/cat_hihihi"},
    {"predicate": {"custom_model_data": 218}, "model":"minecraft:item/emoji/uaproject/cat_hxdfrench"},
    {"predicate": {"custom_model_data": 219}, "model":"minecraft:item/emoji/uaproject/cat_intelegent"},
    {"predicate": {"custom_model_data": 220}, "model":"minecraft:item/emoji/uaproject/cat_interest"},
    {"predicate": {"custom_model_data": 221}, "model":"minecraft:item/emoji/uaproject/cat_kiss"},
    {"predicate": {"custom_model_data": 222}, "model":"minecraft:item/emoji/uaproject/cat_mad"},
    {"predicate": {"custom_model_data": 223}, "model":"minecraft:item/emoji/uaproject/cat_nerd"},
    {"predicate": {"custom_model_data": 224}, "model":"minecraft:item/emoji/uaproject/cat_omg"},
    {"predicate": {"custom_model_data": 225}, "model":"minecraft:item/emoji/uaproject/cat_plache"},
    {"predicate": {"custom_model_data": 226}, "model":"minecraft:item/emoji/uaproject/cat_plink"},
    {"predicate": {"custom_model_data": 227}, "model":"minecraft:item/emoji/uaproject/cat_police"},
    {"predicate": {"custom_model_data": 228}, "model":"minecraft:item/emoji/uaproject/cat_raining"},
    {"predicate": {"custom_model_data": 229}, "model":"minecraft:item/emoji/uaproject/cat_roaring"},
    {"predicate": {"custom_model_data": 230}, "model":"minecraft:item/emoji/uaproject/cat_rose"},
    {"predicate": {"custom_model_data": 231}, "model":"minecraft:item/emoji/uaproject/cat_rose2"},
    {"predicate": {"custom_model_data": 232}, "model":"minecraft:item/emoji/uaproject/cat_sad"},
    {"predicate": {"custom_model_data": 233}, "model":"minecraft:item/emoji/uaproject/cat_scream"},
    {"predicate": {"custom_model_data": 234}, "model":"minecraft:item/emoji/uaproject/cat_sexy"},
    {"predicate": {"custom_model_data": 235}, "model":"minecraft:item/emoji/uaproject/cat_shocked"},
    {"predicate": {"custom_model_data": 236}, "model":"minecraft:item/emoji/uaproject/cat_silly"},
    {"predicate": {"custom_model_data": 237}, "model":"minecraft:item/emoji/uaproject/cat_silly2"},
    {"predicate": {"custom_model_data": 238}, "model":"minecraft:item/emoji/uaproject/cat_silly3"},
    {"predicate": {"custom_model_data": 239}, "model":"minecraft:item/emoji/uaproject/cat_silly4"},
    {"predicate": {"custom_model_data": 240}, "model":"minecraft:item/emoji/uaproject/cat_silly5"},
    {"predicate": {"custom_model_data": 241}, "model":"minecraft:item/emoji/uaproject/cat_sniffing"},
    {"predicate": {"custom_model_data": 242}, "model":"minecraft:item/emoji/uaproject/cat_staring"},
    {"predicate": {"custom_model_data": 243}, "model":"minecraft:item/emoji/uaproject/cat_staring2"},
    {"predicate": {"custom_model_data": 244}, "model":"minecraft:item/emoji/uaproject/cat_sus"},
    {"predicate": {"custom_model_data": 245}, "model":"minecraft:item/emoji/uaproject/cat_war"},
    {"predicate": {"custom_model_data": 246}, "model":"minecraft:item/emoji/uaproject/cat_watching"},
    {"predicate": {"custom_model_data": 247}, "model":"minecraft:item/emoji/uaproject/cat_wow"},
    {"predicate": {"custom_model_data": 248}, "model":"minecraft:item/emoji/uaproject/cat_wtf"},
    {"predicate": {"custom_model_data": 249}, "model":"minecraft:item/emoji/uaproject/cat_wth"},
    {"predicate": {"custom_model_data": 250}, "model":"minecraft:item/emoji/uaproject/cat_xd"},
    {"predicate": {"custom_model_data": 251}, "model":"minecraft:item/emoji/uaproject/cat_zhakh"},
    {"predicate": {"custom_model_data": 252}, "model":"minecraft:item/emoji/uaproject/diamond_ore"},
    {"predicate": {"custom_model_data": 253}, "model":"minecraft:item/emoji/uaproject/did_sad"},
    {"predicate": {"custom_model_data": 254}, "model":"minecraft:item/emoji/uaproject/dog_afraid"},
    {"predicate": {"custom_model_data": 255}, "model":"minecraft:item/emoji/uaproject/dog_child"},
    {"predicate": {"custom_model_data": 256}, "model":"minecraft:item/emoji/uaproject/dog_intelligent"},
    {"predicate": {"custom_model_data": 257}, "model":"minecraft:item/emoji/uaproject/dog_nerd"},
    {"predicate": {"custom_model_data": 258}, "model":"minecraft:item/emoji/uaproject/dog_smile"},
    {"predicate": {"custom_model_data": 259}, "model":"minecraft:item/emoji/uaproject/dog_watch"},
    {"predicate": {"custom_model_data": 260}, "model":"minecraft:item/emoji/uaproject/dog_wow"},
    {"predicate": {"custom_model_data": 261}, "model":"minecraft:item/emoji/uaproject/donkey_gaze"},
    {"predicate": {"custom_model_data": 262}, "model":"minecraft:item/emoji/uaproject/duck"},
    {"predicate": {"custom_model_data": 263}, "model":"minecraft:item/emoji/uaproject/frog_smile"},
    {"predicate": {"custom_model_data": 264}, "model":"minecraft:item/emoji/uaproject/hahaha"},
    {"predicate": {"custom_model_data": 265}, "model":"minecraft:item/emoji/uaproject/hahellnuh"},
    {"predicate": {"custom_model_data": 266}, "model":"minecraft:item/emoji/uaproject/hamster"},
    {"predicate": {"custom_model_data": 267}, "model":"minecraft:item/emoji/uaproject/jacque_fresco"},
    {"predicate": {"custom_model_data": 268}, "model":"minecraft:item/emoji/uaproject/jdun"},
    {"predicate": {"custom_model_data": 269}, "model":"minecraft:item/emoji/uaproject/nahruk"},
    {"predicate": {"custom_model_data": 270}, "model":"minecraft:item/emoji/uaproject/pepa"},
    {"predicate": {"custom_model_data": 271}, "model":"minecraft:item/emoji/uaproject/pepelove"},
    {"predicate": {"custom_model_data": 272}, "model":"minecraft:item/emoji/uaproject/pepe_boat"},
    {"predicate": {"custom_model_data": 273}, "model":"minecraft:item/emoji/uaproject/pepe_booba"},
    {"predicate": {"custom_model_data": 274}, "model":"minecraft:item/emoji/uaproject/pepe_hacker"},
    {"predicate": {"custom_model_data": 275}, "model":"minecraft:item/emoji/uaproject/pepe_happy"},
    {"predicate": {"custom_model_data": 276}, "model":"minecraft:item/emoji/uaproject/pepe_intelegent"},
    {"predicate": {"custom_model_data": 277}, "model":"minecraft:item/emoji/uaproject/pepe_sad"},
    {"predicate": {"custom_model_data": 278}, "model":"minecraft:item/emoji/uaproject/pepe_sik"},
    {"predicate": {"custom_model_data": 279}, "model":"minecraft:item/emoji/uaproject/pepe_sleep"},
    {"predicate": {"custom_model_data": 280}, "model":"minecraft:item/emoji/uaproject/pepe_think"},
    {"predicate": {"custom_model_data": 281}, "model":"minecraft:item/emoji/uaproject/pepe_wow"},
    {"predicate": {"custom_model_data": 282}, "model":"minecraft:item/emoji/uaproject/smile"},
    {"predicate": {"custom_model_data": 283}, "model":"minecraft:item/emoji/uaproject/smile_nooo"},
    {"predicate": {"custom_model_data": 284}, "model":"minecraft:item/emoji/uaproject/smile_pain"},
    {"predicate": {"custom_model_data": 285}, "model":"minecraft:item/emoji/uaproject/smile_sad"},
    {"predicate": {"custom_model_data": 286}, "model":"minecraft:item/emoji/uaproject/smile_sussy"},
    {"predicate": {"custom_model_data": 287}, "model":"minecraft:item/emoji/uaproject/smile_typing"},
    {"predicate": {"custom_model_data": 288}, "model":"minecraft:item/emoji/uaproject/smile_xaxaxa"},
    {"predicate": {"custom_model_data": 289}, "model":"minecraft:item/emoji/uaproject/sponge_dance"},
    {"predicate": {"custom_model_data": 290}, "model":"minecraft:item/emoji/uaproject/stark_scream"},
    {"predicate": {"custom_model_data": 291}, "model":"minecraft:item/emoji/uaproject/sus"},
    {"predicate": {"custom_model_data": 292}, "model":"minecraft:item/emoji/uaproject/uap"},
    {"predicate": {"custom_model_data": 293}, "model":"minecraft:item/emoji/uaproject/wait_smile"},


    {"predicate": {"custom_model_data": 301}, "model":"minecraft:item/emoji/uaproject_archive/1cat_cry"},
    {"predicate": {"custom_model_data": 302}, "model":"minecraft:item/emoji/uaproject_archive/1cat_dancing"},
    {"predicate": {"custom_model_data": 303}, "model":"minecraft:item/emoji/uaproject_archive/1cat_dancing2"},
    {"predicate": {"custom_model_data": 304}, "model":"minecraft:item/emoji/uaproject_archive/1cat_police"},
    {"predicate": {"custom_model_data": 305}, "model":"minecraft:item/emoji/uaproject_archive/1cat_real"},
    {"predicate": {"custom_model_data": 306}, "model":"minecraft:item/emoji/uaproject_archive/2cat_wow"},
    {"predicate": {"custom_model_data": 307}, "model":"minecraft:item/emoji/uaproject_archive/2jacque_fresco"},
    {"predicate": {"custom_model_data": 308}, "model":"minecraft:item/emoji/uaproject_archive/2pepe_boat"},
    {"predicate": {"custom_model_data": 309}, "model":"minecraft:item/emoji/uaproject_archive/2pepe_booba"},
    {"predicate": {"custom_model_data": 310}, "model":"minecraft:item/emoji/uaproject_archive/2pepe_hacker"},
    {"predicate": {"custom_model_data": 311}, "model":"minecraft:item/emoji/uaproject_archive/2pepe_happy"},
    {"predicate": {"custom_model_data": 312}, "model":"minecraft:item/emoji/uaproject_archive/2pepe_intelegent"},
    {"predicate": {"custom_model_data": 313}, "model":"minecraft:item/emoji/uaproject_archive/2pepe_sad"},
    {"predicate": {"custom_model_data": 314}, "model":"minecraft:item/emoji/uaproject_archive/2pepe_sleep"},
    {"predicate": {"custom_model_data": 315}, "model":"minecraft:item/emoji/uaproject_archive/2pepe_think"},
    {"predicate": {"custom_model_data": 316}, "model":"minecraft:item/emoji/uaproject_archive/2pepe_wow"},
    {"predicate": {"custom_model_data": 317}, "model":"minecraft:item/emoji/uaproject_archive/2pishe"},
    {"predicate": {"custom_model_data": 318}, "model":"minecraft:item/emoji/uaproject_archive/2smile"},
    {"predicate": {"custom_model_data": 319}, "model":"minecraft:item/emoji/uaproject_archive/3duck"},
    {"predicate": {"custom_model_data": 320}, "model":"minecraft:item/emoji/uaproject_archive/anton"},
    {"predicate": {"custom_model_data": 321}, "model":"minecraft:item/emoji/uaproject_archive/bobik"},
    {"predicate": {"custom_model_data": 322}, "model":"minecraft:item/emoji/uaproject_archive/bullet1"},
    {"predicate": {"custom_model_data": 323}, "model":"minecraft:item/emoji/uaproject_archive/bullet2"},
    {"predicate": {"custom_model_data": 324}, "model":"minecraft:item/emoji/uaproject_archive/bullet3"},
    {"predicate": {"custom_model_data": 325}, "model":"minecraft:item/emoji/uaproject_archive/bum"},
    {"predicate": {"custom_model_data": 326}, "model":"minecraft:item/emoji/uaproject_archive/cat_"},
    {"predicate": {"custom_model_data": 327}, "model":"minecraft:item/emoji/uaproject_archive/cat_angry"},
    {"predicate": {"custom_model_data": 328}, "model":"minecraft:item/emoji/uaproject_archive/cat_eat"},
    {"predicate": {"custom_model_data": 329}, "model":"minecraft:item/emoji/uaproject_archive/cat_fresh"},
    {"predicate": {"custom_model_data": 330}, "model":"minecraft:item/emoji/uaproject_archive/cat_haha"},
    {"predicate": {"custom_model_data": 331}, "model":"minecraft:item/emoji/uaproject_archive/cat_happy"},
    {"predicate": {"custom_model_data": 332}, "model":"minecraft:item/emoji/uaproject_archive/cat_intelegent"},
    {"predicate": {"custom_model_data": 333}, "model":"minecraft:item/emoji/uaproject_archive/cat_mad"},
    {"predicate": {"custom_model_data": 334}, "model":"minecraft:item/emoji/uaproject_archive/cat_plache"},
    {"predicate": {"custom_model_data": 335}, "model":"minecraft:item/emoji/uaproject_archive/cat_plink"},
    {"predicate": {"custom_model_data": 336}, "model":"minecraft:item/emoji/uaproject_archive/cat_sad"},
    {"predicate": {"custom_model_data": 337}, "model":"minecraft:item/emoji/uaproject_archive/cat_scream"},
    {"predicate": {"custom_model_data": 338}, "model":"minecraft:item/emoji/uaproject_archive/cat_silly"},
    {"predicate": {"custom_model_data": 339}, "model":"minecraft:item/emoji/uaproject_archive/cat_wow"},
    {"predicate": {"custom_model_data": 340}, "model":"minecraft:item/emoji/uaproject_archive/cat_wtf"},
    {"predicate": {"custom_model_data": 341}, "model":"minecraft:item/emoji/uaproject_archive/cat_zhakh"},
    {"predicate": {"custom_model_data": 342}, "model":"minecraft:item/emoji/uaproject_archive/cat_zliy"},
    {"predicate": {"custom_model_data": 343}, "model":"minecraft:item/emoji/uaproject_archive/dog_nerd"},
    {"predicate": {"custom_model_data": 344}, "model":"minecraft:item/emoji/uaproject_archive/dog_smile"},
    {"predicate": {"custom_model_data": 345}, "model":"minecraft:item/emoji/uaproject_archive/elytra"},
    {"predicate": {"custom_model_data": 346}, "model":"minecraft:item/emoji/uaproject_archive/fedia"},
    {"predicate": {"custom_model_data": 347}, "model":"minecraft:item/emoji/uaproject_archive/fyuz_pofiksy"},
    {"predicate": {"custom_model_data": 348}, "model":"minecraft:item/emoji/uaproject_archive/gosling"},
    {"predicate": {"custom_model_data": 349}, "model":"minecraft:item/emoji/uaproject_archive/guy_in_shower"},
    {"predicate": {"custom_model_data": 350}, "model":"minecraft:item/emoji/uaproject_archive/hahaha"},
    {"predicate": {"custom_model_data": 351}, "model":"minecraft:item/emoji/uaproject_archive/hordon"},
    {"predicate": {"custom_model_data": 352}, "model":"minecraft:item/emoji/uaproject_archive/kvadratovych"},
    {"predicate": {"custom_model_data": 353}, "model":"minecraft:item/emoji/uaproject_archive/love"},
    {"predicate": {"custom_model_data": 354}, "model":"minecraft:item/emoji/uaproject_archive/music_disc"},
    {"predicate": {"custom_model_data": 355}, "model":"minecraft:item/emoji/uaproject_archive/m_allayeatcookie"},
    {"predicate": {"custom_model_data": 356}, "model":"minecraft:item/emoji/uaproject_archive/m_barrier"},
    {"predicate": {"custom_model_data": 357}, "model":"minecraft:item/emoji/uaproject_archive/nahruk"},
    {"predicate": {"custom_model_data": 358}, "model":"minecraft:item/emoji/uaproject_archive/nerd"},
    {"predicate": {"custom_model_data": 359}, "model":"minecraft:item/emoji/uaproject_archive/pepe_"},
    {"predicate": {"custom_model_data": 360}, "model":"minecraft:item/emoji/uaproject_archive/pepe_ban"},
    {"predicate": {"custom_model_data": 361}, "model":"minecraft:item/emoji/uaproject_archive/pepe_batman"},
    {"predicate": {"custom_model_data": 362}, "model":"minecraft:item/emoji/uaproject_archive/pepe_clown"},
    {"predicate": {"custom_model_data": 363}, "model":"minecraft:item/emoji/uaproject_archive/pepe_cross"},
    {"predicate": {"custom_model_data": 364}, "model":"minecraft:item/emoji/uaproject_archive/pepe_happy"},
    {"predicate": {"custom_model_data": 365}, "model":"minecraft:item/emoji/uaproject_archive/pepe_heart"},
    {"predicate": {"custom_model_data": 366}, "model":"minecraft:item/emoji/uaproject_archive/pepe_like"},
    {"predicate": {"custom_model_data": 367}, "model":"minecraft:item/emoji/uaproject_archive/pepe_love"},
    {"predicate": {"custom_model_data": 368}, "model":"minecraft:item/emoji/uaproject_archive/pepe_perfect"},
    {"predicate": {"custom_model_data": 369}, "model":"minecraft:item/emoji/uaproject_archive/pepe_pishe"},
    {"predicate": {"custom_model_data": 370}, "model":"minecraft:item/emoji/uaproject_archive/pepe_pls"},
    {"predicate": {"custom_model_data": 371}, "model":"minecraft:item/emoji/uaproject_archive/pepe_relax"},
    {"predicate": {"custom_model_data": 372}, "model":"minecraft:item/emoji/uaproject_archive/pepe_shhh"},
    {"predicate": {"custom_model_data": 373}, "model":"minecraft:item/emoji/uaproject_archive/pepe_suit"},
    {"predicate": {"custom_model_data": 374}, "model":"minecraft:item/emoji/uaproject_archive/pepe_suprised"},
    {"predicate": {"custom_model_data": 375}, "model":"minecraft:item/emoji/uaproject_archive/pepe_tea"},
    {"predicate": {"custom_model_data": 376}, "model":"minecraft:item/emoji/uaproject_archive/pepe_wow"},
    {"predicate": {"custom_model_data": 377}, "model":"minecraft:item/emoji/uaproject_archive/pinhvin_wow"},
    {"predicate": {"custom_model_data": 378}, "model":"minecraft:item/emoji/uaproject_archive/piramidych"},
    {"predicate": {"custom_model_data": 379}, "model":"minecraft:item/emoji/uaproject_archive/rozmova_stina"},
    {"predicate": {"custom_model_data": 380}, "model":"minecraft:item/emoji/uaproject_archive/shiiiiish"},
    {"predicate": {"custom_model_data": 381}, "model":"minecraft:item/emoji/uaproject_archive/smile"},
    {"predicate": {"custom_model_data": 382}, "model":"minecraft:item/emoji/uaproject_archive/smile_angry"},
    {"predicate": {"custom_model_data": 383}, "model":"minecraft:item/emoji/uaproject_archive/smile_cool"},
    {"predicate": {"custom_model_data": 384}, "model":"minecraft:item/emoji/uaproject_archive/smile_dumb"},
    {"predicate": {"custom_model_data": 385}, "model":"minecraft:item/emoji/uaproject_archive/smile_fall"},
    {"predicate": {"custom_model_data": 386}, "model":"minecraft:item/emoji/uaproject_archive/smile_neznau"},
    {"predicate": {"custom_model_data": 387}, "model":"minecraft:item/emoji/uaproject_archive/smile_opa"},
    {"predicate": {"custom_model_data": 388}, "model":"minecraft:item/emoji/uaproject_archive/smile_pain"},
    {"predicate": {"custom_model_data": 389}, "model":"minecraft:item/emoji/uaproject_archive/smile_sad"},
    {"predicate": {"custom_model_data": 390}, "model":"minecraft:item/emoji/uaproject_archive/smile_thinking"},
    {"predicate": {"custom_model_data": 391}, "model":"minecraft:item/emoji/uaproject_archive/smile_whynot"},
    {"predicate": {"custom_model_data": 392}, "model":"minecraft:item/emoji/uaproject_archive/smile_wow"},
    {"predicate": {"custom_model_data": 393}, "model":"minecraft:item/emoji/uaproject_archive/smile_wtf"},
    {"predicate": {"custom_model_data": 394}, "model":"minecraft:item/emoji/uaproject_archive/smile_xaxaxa"},
    {"predicate": {"custom_model_data": 395}, "model":"minecraft:item/emoji/uaproject_archive/trolled"},
    {"predicate": {"custom_model_data": 396}, "model":"minecraft:item/emoji/uaproject_archive/wazowski"},
    {"predicate": {"custom_model_data": 397}, "model":"minecraft:item/emoji/uaproject_archive/wtf"}
  ]
}